COUNTRY,NAME_1,NAME_2,TYPE_2
Kenya,Baringo,Eldama Ravine,Constituency
Kenya,Baringo,Baringo Central,Constituency
Kenya,Baringo,Baringo North,Constituency
Kenya,Baringo,Baringo South,Constituency
Kenya,Baringo,Mogotio,Constituency
Kenya,Baringo,Tiaty,Constituency
Kenya,Bomet,Bomet Central,Constituency
Kenya,Bomet,Bomet East,Constituency
Kenya,Bomet,Chepalungu,Constituency
Kenya,Bomet,Konoin,Constituency
Kenya,Bomet,Sotik,Constituency
Kenya,Bungoma,Bumula,Constituency
Kenya,Bungoma,Kabuchai,Constituency
Kenya,Bungoma,Kanduyi,Constituency
Kenya,Bungoma,Kimilili,Constituency
Kenya,Kakamega,Likuyani,Constituency
Kenya,Bungoma,Mt. Elgon,Constituency
Kenya,Bungoma,Sirisia,Constituency
Kenya,Bungoma,Tongaren,Constituency
Kenya,Bungoma,Webuye West,Constituency
Kenya,Bungoma,Webuye East,Constituency
Kenya,Busia,Budalangi,Constituency
Kenya,Busia,Butula,Constituency
Kenya,Busia,Funyula,Constituency
Kenya,Busia,Matayos,Constituency
Kenya,Busia,Nambale,Constituency
Kenya,Busia,Teso North,Constituency
Kenya,Busia,Teso South,Constituency
Kenya,Elgeyo-Marakwet,Keiyo North,Constituency
Kenya,Elgeyo-Marakwet,Keiyo South,Constituency
Kenya,Elgeyo-Marakwet,Marakwet East,Constituency
Kenya,Elgeyo-Marakwet,Marakwet West,Constituency
Kenya,Embu,Manyatta,Constituency
Kenya,Embu,Mbeere North,Constituency
Kenya,Embu,Mbeere South,Constituency
Kenya,Embu,Runyenjes,Constituency
Kenya,Garissa,Balambala,Constituency
Kenya,Garissa,Dadaab,Constituency
Kenya,Garissa,Fafi,Constituency
Kenya,Garissa,Garissa Township,Constituency
Kenya,Garissa,Ijara,Constituency
Kenya,Garissa,Lagdera,Constituency
Kenya,Homa Bay,Homa Bay Town,Constituency
Kenya,Homa Bay,Kabondo Kasipul,Constituency
Kenya,Homa Bay,Karachuonyo,Constituency
Kenya,Homa Bay,Kasipul,Constituency
Kenya,Homa Bay,Ndhiwa,Constituency
Kenya,Homa Bay,Rangwe,Constituency
Kenya,Homa Bay,Suba South,Constituency
Kenya,Homa Bay,Suba North,Constituency
Kenya,Isiolo,Isiolo North,Constituency
Kenya,Isiolo,Isiolo South,Constituency
Kenya,Kajiado,Kajiado Central,Constituency
Kenya,Kajiado,Kajiado East,Constituency
Kenya,Kajiado,Kajiado North,Constituency
Kenya,Kajiado,Kajiado South,Constituency
Kenya,Kajiado,Kajiado West,Constituency
Kenya,Kakamega,Butere,Constituency
Kenya,Kakamega,Ikolomani,Constituency
Kenya,Kakamega,Khwisero,Constituency
Kenya,Kakamega,Lugari,Constituency
Kenya,Kakamega,Lurambi,Constituency
Kenya,Kakamega,Malava,Constituency
Kenya,Kakamega,Matungu,Constituency
Kenya,Kakamega,Mumias East,Constituency
Kenya,Kakamega,Mumias West,Constituency
Kenya,Kakamega,Navakholo,Constituency
Kenya,Kakamega,Shinyalu,Constituency
Kenya,Kericho,Ainamoi,Constituency
Kenya,Kericho,Belgut,Constituency
Kenya,Kericho,Bureti,Constituency
Kenya,Kericho,Kipkelion East,Constituency
Kenya,Kericho,Kipkelion West,Constituency
Kenya,Kericho,Sigowet/Soin,Constituency
Kenya,Kiambu,Gatundu North,Constituency
Kenya,Kiambu,Gatundu South,Constituency
Kenya,Kiambu,Githunguri,Constituency
Kenya,Kiambu,Juja,Constituency
Kenya,Kiambu,Kabete,Constituency
Kenya,Kiambu,Kiambaa,Constituency
Kenya,Kiambu,Kiambu,Constituency
Kenya,Kiambu,Kikuyu,Constituency
Kenya,Kiambu,Lari,Constituency
Kenya,Kiambu,Limuru,Constituency
Kenya,Kiambu,Ruiru,Constituency
Kenya,Kiambu,Thika Town,Constituency
Kenya,Kilifi,Ganze,Constituency
Kenya,Kilifi,Kaloleni,Constituency
Kenya,Kilifi,Kilifi North,Constituency
Kenya,Kilifi,Kilifi South,Constituency
Kenya,Kilifi,Magarini,Constituency
Kenya,Kilifi,Malindi,Constituency
Kenya,Kilifi,Rabai,Constituency
Kenya,Kirinyaga,Gichugu,Constituency
Kenya,Kirinyaga,Kirinyaga Central,Constituency
Kenya,Kirinyaga,Mwea,Constituency
Kenya,Kirinyaga,Ndia,Constituency
Kenya,Kisii,Bobasi,Constituency
Kenya,Kisii,Bomachoge Borabu,Constituency
Kenya,Kisii,Bomachoge Chache,Constituency
Kenya,Kisii,Bonchari,Constituency
Kenya,Kisii,Kitutu Chache North,Constituency
Kenya,Kisii,Kitutu Chache South,Constituency
Kenya,Kisii,Nyaribari Chache,Constituency
Kenya,Kisii,Nyaribari Masaba,Constituency
Kenya,Kisii,South Mugirango,Constituency
Kenya,Kisumu,Kisumu Central,Constituency
Kenya,Kisumu,Kisumu East,Constituency
Kenya,Kisumu,Kisumu West,Constituency
Kenya,Kisumu,Muhoroni,Constituency
Kenya,Kisumu,Nyakach,Constituency
Kenya,Kisumu,Nyando,Constituency
Kenya,Kisumu,Seme,Constituency
Kenya,Kitui,Kitui Central,Constituency
Kenya,Kitui,Kitui East,Constituency
Kenya,Kitui,Kitui Rural,Constituency
Kenya,Kitui,Kitui South,Constituency
Kenya,Kitui,Kitui West,Constituency
Kenya,Kitui,Mwingi Central,Constituency
Kenya,Kitui,Mwingi North,Constituency
Kenya,Kitui,Mwingi West,Constituency
Kenya,Kwale,Kinango,Constituency
Kenya,Kwale,Lungalunga,Constituency
Kenya,Kwale,Matuga,Constituency
Kenya,Kwale,Msambweni,Constituency
Kenya,Laikipia,Laikipia East,Constituency
Kenya,Laikipia,Laikipia North,Constituency
Kenya,Laikipia,Laikipia West,Constituency
Kenya,Lamu,Lamu East,Constituency
Kenya,Lamu,Lamu West,Constituency
Kenya,Machakos,Kangundo,Constituency
Kenya,Machakos,Kathiani,Constituency
Kenya,Machakos,Machakos Town,Constituency
Kenya,Machakos,Masinga,Constituency
Kenya,Machakos,Matungulu,Constituency
Kenya,Machakos,Mavoko,Constituency
Kenya,Machakos,Mwala,Constituency
Kenya,Machakos,Yatta,Constituency
Kenya,Makueni,Kaiti,Constituency
Kenya,Makueni,Kibwezi East,Constituency
Kenya,Makueni,Kibwezi West,Constituency
Kenya,Makueni,Kilome,Constituency
Kenya,Makueni,Makueni,Constituency
Kenya,Makueni,Mbooni,Constituency
Kenya,Mandera,Banissa,Constituency
Kenya,Mandera,Lafey,Constituency
Kenya,Mandera,Mandera East,Constituency
Kenya,Mandera,Mandera North,Constituency
Kenya,Mandera,Mandera South,Constituency
Kenya,Mandera,Mandera West,Constituency
Kenya,Marsabit,Laisamis,Constituency
Kenya,Marsabit,Moyale,Constituency
Kenya,Marsabit,North Horr,Constituency
Kenya,Marsabit,Saku,Constituency
Kenya,Meru,Buuri,Constituency
Kenya,Meru,Central Imenti,Constituency
Kenya,Meru,Igembe Central,Constituency
Kenya,Meru,Igembe North,Constituency
Kenya,Meru,Igembe South,Constituency
Kenya,Meru,North Imenti,Constituency
Kenya,Meru,South Imenti,Constituency
Kenya,Meru,Tigania East,Constituency
Kenya,Meru,Tigania West,Constituency
Kenya,Migori,Awendo,Constituency
Kenya,Migori,Kuria East,Constituency
Kenya,Migori,Kuria West,Constituency
Kenya,Migori,Nyatike,Constituency
Kenya,Migori,Rongo,Constituency
Kenya,Migori,Suna East,Constituency
Kenya,Migori,Suna West,Constituency
Kenya,Migori,Uriri,Constituency
Kenya,Mombasa,Changamwe,Constituency
Kenya,Mombasa,Jomvu,Constituency
Kenya,Mombasa,Kisauni,Constituency
Kenya,Mombasa,Likoni,Constituency
Kenya,Mombasa,Mvita,Constituency
Kenya,Mombasa,Nyali,Constituency
Kenya,Murang'a,Gatanga,Constituency
Kenya,Murang'a,Kandara,Constituency
Kenya,Murang'a,Kangema,Constituency
Kenya,Murang'a,Kigumo,Constituency
Kenya,Murang'a,Kiharu,Constituency
Kenya,Murang'a,Maragwa,Constituency
Kenya,Murang'a,Mathioya,Constituency
Kenya,Nairobi,Dagoretti North,Constituency
Kenya,Nairobi,Dagoretti South,Constituency
Kenya,Nairobi,Embakasi Central,Constituency
Kenya,Nairobi,Embakasi East,Constituency
Kenya,Nairobi,Embakasi North,Constituency
Kenya,Nairobi,Embakasi South,Constituency
Kenya,Nairobi,Embakasi West,Constituency
Kenya,Nairobi,Kamukunji,Constituency
Kenya,Nairobi,Kasarani,Constituency
Kenya,Nairobi,Kibra,Constituency
Kenya,Nairobi,Langata,Constituency
Kenya,Nairobi,Makadara,Constituency
Kenya,Nairobi,Mathare,Constituency
Kenya,Nairobi,Roysambu,Constituency
Kenya,Nairobi,Ruaraka,Constituency
Kenya,Nairobi,Starehe,Constituency
Kenya,Nairobi,Westlands,Constituency
Kenya,Nakuru,Bahati,Constituency
Kenya,Nakuru,Gilgil,Constituency
Kenya,Nakuru,Kuresoi North,Constituency
Kenya,Nakuru,Kuresoi South,Constituency
Kenya,Nakuru,Molo,Constituency
Kenya,Nakuru,Naivasha,Constituency
Kenya,Nakuru,Nakuru Town East,Constituency
Kenya,Nakuru,Nakuru Town West,Constituency
Kenya,Nakuru,Njoro,Constituency
Kenya,Nakuru,Rongai,Constituency
Kenya,Nakuru,Subukia,Constituency
Kenya,Nandi,Aldai,Constituency
Kenya,Nandi,Chesumei,Constituency
Kenya,Nandi,Emgwen,Constituency
Kenya,Nandi,Mosop,Constituency
Kenya,Nandi,Nandi Hills,Constituency
Kenya,Nandi,Tinderet,Constituency
Kenya,Narok,Emurua Dikirr,Constituency
Kenya,Narok,Kilgoris,Constituency
Kenya,Narok,Narok East,Constituency
Kenya,Narok,Narok North,Constituency
Kenya,Narok,Narok South,Constituency
Kenya,Narok,Narok West,Constituency
Kenya,Nyamira,Borabu,Constituency
Kenya,Nyamira,Kitutu Masaba,Constituency
Kenya,Nyamira,North Mugirango,Constituency
Kenya,Nyamira,West Mugirango,Constituency
Kenya,Nyandarua,Kinangop,Constituency
Kenya,Nyandarua,Kipipiri,Constituency
Kenya,Nyandarua,Ndaragwa,Constituency
Kenya,Nyandarua,Ol Jorok,Constituency
Kenya,Nyandarua,Ol Kalou,Constituency
Kenya,Nyeri,Kieni,Constituency
Kenya,Nyeri,Mathira,Constituency
Kenya,Nyeri,Mukurweini,Constituency
Kenya,Nyeri,Nyeri Town,Constituency
Kenya,Nyeri,Othaya,Constituency
Kenya,Nyeri,Tetu,Constituency
Kenya,Samburu,Samburu East,Constituency
Kenya,Samburu,Samburu North,Constituency
Kenya,Samburu,Samburu West,Constituency
Kenya,Siaya,Alego Usonga,Constituency
Kenya,Siaya,Bondo,Constituency
Kenya,Siaya,Gem,Constituency
Kenya,Siaya,Rarieda,Constituency
Kenya,Siaya,Ugenya,Constituency
Kenya,Siaya,Ugunja,Constituency
Kenya,Taita Taveta,Mwatate,Constituency
Kenya,Taita Taveta,Taveta,Constituency
Kenya,Taita Taveta,Voi,Constituency
Kenya,Taita Taveta,Wundanyi,Constituency
Kenya,Tana River,Bura,Constituency
Kenya,Tana River,Galole,Constituency
Kenya,Tana River,Garsen,Constituency
Kenya,Tharaka-Nithi,Chuka/Igambang'Ombe,Constituency
Kenya,Tharaka-Nithi,Maara,Constituency
Kenya,Tharaka-Nithi,Tharaka,Constituency
Kenya,Trans Nzoia,Cherangany,Constituency
Kenya,Trans Nzoia,Endebess,Constituency
Kenya,Trans Nzoia,Kiminini,Constituency
Kenya,Trans Nzoia,Kwanza,Constituency
Kenya,Trans Nzoia,Saboti,Constituency
Kenya,Turkana,Loima,Constituency
Kenya,Turkana,Turkana Central,Constituency
Kenya,Turkana,Turkana East,Constituency
Kenya,Turkana,Turkana North,Constituency
Kenya,Turkana,Turkana South,Constituency
Kenya,Turkana,Turkana West,Constituency
Kenya,Uasin Gishu,Ainabkoi,Constituency
Kenya,Uasin Gishu,Kapseret,Constituency
Kenya,Uasin Gishu,Kesses,Constituency
Kenya,Uasin Gishu,Moiben,Constituency
Kenya,Uasin Gishu,Soy,Constituency
Kenya,Uasin Gishu,Turbo,Constituency
Kenya,Vihiga,Emuhaya,Constituency
Kenya,Vihiga,Hamisi,Constituency
Kenya,Vihiga,Luanda,Constituency
Kenya,Vihiga,Sabatia,Constituency
Kenya,Vihiga,Vihiga,Constituency
Kenya,Wajir,Eldas,Constituency
Kenya,Wajir,Tarbaj,Constituency
Kenya,Wajir,Wajir East,Constituency
Kenya,Wajir,Wajir North,Constituency
Kenya,Wajir,Wajir South,Constituency
Kenya,Wajir,Wajir West,Constituency
Kenya,West Pokot,Kacheliba,Constituency
Kenya,West Pokot,Kapenguria,Constituency
Kenya,West Pokot,Pokot South,Constituency
Kenya,West Pokot,Sigor,Constituency
