COUNTRY,NAME_1,TYPE_1
Kenya,Baringo,County
Kenya,Bomet,County
Kenya,Bungoma,County
Kenya,Busia,County
Kenya,Elgeyo-Marakwet,County
Kenya,Embu,County
Kenya,Garissa,County
Kenya,Homa Bay,County
Kenya,Isiolo,County
Kenya,Kajiado,County
Kenya,Kakamega,County
Kenya,Kericho,County
Kenya,Kiambu,County
Kenya,Kilifi,County
Kenya,Kirinyaga,County
Kenya,Kisii,County
Kenya,Kisumu,County
Kenya,Kitui,County
Kenya,Kwale,County
Kenya,Laikipia,County
Kenya,Lamu,County
Kenya,Machakos,County
Kenya,Makueni,County
Kenya,Mandera,County
Kenya,Marsabit,County
Kenya,Meru,County
Kenya,Migori,County
Kenya,Mombasa,County
Kenya,Murang'a,County
Kenya,Nairobi,County
Kenya,Nandi,County
Kenya,Narok,County
Kenya,Nyamira,County
Kenya,Nyandarua,County
Kenya,Nyeri,County
Kenya,Samburu,County
Kenya,Siaya,County
Kenya,Taita Taveta,County
Kenya,Tana River,County
Kenya,Tharaka-Nithi,County
Kenya,Trans Nzoia,County
Kenya,Turkana,County
Kenya,Uasin Gishu,County
Kenya,Vihiga,County
Kenya,Wajir,County
Kenya,West Pokot,County
Kenya,Nakuru,County
Kenya,,
Kenya,,
Kenya,,
Kenya,,
Kenya,,
Kenya,,
Kenya,,
Kenya,,
Kenya,,
Kenya,,
Kenya,,
Kenya,,
Kenya,,
Kenya,,
Kenya,,
Kenya,,
Kenya,,
Kenya,,
Kenya,,
Kenya,,
Kenya,,
Kenya,,
Kenya,,
Kenya,,
Kenya,,
Kenya,,
Kenya,,
Kenya,,
Kenya,,
Kenya,,
Kenya,,
Kenya,,
Kenya,,
Kenya,,
Kenya,,
Kenya,,
Kenya,,
Kenya,,
Kenya,,
Kenya,,
Kenya,,
Kenya,,
Kenya,,
Kenya,,
Kenya,,
Kenya,,
Kenya,,
Kenya,,
Kenya,,
Kenya,,
Kenya,,
Kenya,,
Kenya,,
Kenya,,
Kenya,,
Kenya,,
Kenya,,
Kenya,,
Kenya,,
Kenya,,
Kenya,,
Kenya,,
Kenya,,
Kenya,,
Kenya,,
Kenya,,
Kenya,,
Kenya,,
Kenya,,
Kenya,,
Kenya,,
Kenya,,
Kenya,,
Kenya,,
Kenya,,
Kenya,,
Kenya,,
Kenya,,
Kenya,,
Kenya,,
Kenya,,
Kenya,,
Kenya,,
Kenya,,
Kenya,,
Kenya,,
Kenya,,
Kenya,,
Kenya,,
Kenya,,
Kenya,,
Kenya,,
Kenya,,
Kenya,,
Kenya,,
Kenya,,
Kenya,,
Kenya,,
Kenya,,
Kenya,,
Kenya,,
Kenya,,
Kenya,,
Kenya,,
Kenya,,
Kenya,,
Kenya,,
Kenya,,
Kenya,,
Kenya,,
Kenya,,
Kenya,,
Kenya,,
Kenya,,
Kenya,,
Kenya,,
Kenya,,
Kenya,,
Kenya,,
Kenya,,
Kenya,,
Kenya,,
Kenya,,
Kenya,,
Kenya,,
Kenya,,
Kenya,,
Kenya,,
Kenya,,
Kenya,,
Kenya,,
Kenya,,
Kenya,,
Kenya,,
Kenya,,
Kenya,,
Kenya,,
Kenya,,
Kenya,,
Kenya,,
Kenya,,
Kenya,,
Kenya,,
Kenya,,
Kenya,,
Kenya,,
Kenya,,
Kenya,,
Kenya,,
Kenya,,
Kenya,,
Kenya,,
Kenya,,
Kenya,,
Kenya,,
Kenya,,
Kenya,,
Kenya,,
Kenya,,
Kenya,,
Kenya,,
Kenya,,
Kenya,,
Kenya,,
Kenya,,
Kenya,,
Kenya,,
Kenya,,
Kenya,,
Kenya,,
Kenya,,
Kenya,,
Kenya,,
Kenya,,
Kenya,,
Kenya,,
Kenya,,
Kenya,,
Kenya,,
Kenya,,
Kenya,,
Kenya,,
Kenya,,
Kenya,,
Kenya,,
Kenya,,
Kenya,,
Kenya,,
Kenya,,
Kenya,,
Kenya,,
Kenya,,
Kenya,,
Kenya,,
Kenya,,
Kenya,,
Kenya,,
Kenya,,
Kenya,,
Kenya,,
Kenya,,
Kenya,,
Kenya,,
Kenya,,
Kenya,,
Kenya,,
Kenya,,
Kenya,,
Kenya,,
Kenya,,
Kenya,,
Kenya,,
Kenya,,
Kenya,,
Kenya,,
Kenya,,
Kenya,,
Kenya,,
Kenya,,
Kenya,,
Kenya,,
Kenya,,
Kenya,,
Kenya,,
Kenya,,
Kenya,,
Kenya,,
Kenya,,
Kenya,,
Kenya,,
Kenya,,
Kenya,,
Kenya,,
Kenya,,
Kenya,,
Kenya,,
Kenya,,
Kenya,,
Kenya,,
Kenya,,
Kenya,,
Kenya,,
Kenya,,
Kenya,,
Kenya,,
Kenya,,
Kenya,,
Kenya,,
Kenya,,
Kenya,,
Kenya,,
Kenya,,
Kenya,,
Kenya,,
Kenya,,
Kenya,,
Kenya,,
Kenya,,
Kenya,,
Kenya,,
Kenya,,
Kenya,,
Kenya,,
Kenya,,
Kenya,,
Kenya,,
Kenya,,
Kenya,,
Kenya,,
Kenya,,
Kenya,,
Kenya,,
Kenya,,
Kenya,,
Kenya,,
Kenya,,
Kenya,,
Kenya,,
Kenya,,
Kenya,,
Kenya,,
Kenya,,
Kenya,,
Kenya,,
Kenya,,
Kenya,,
Kenya,,
Kenya,,
Kenya,,
Kenya,,
Kenya,,
Kenya,,
Kenya,,
Kenya,,
Kenya,,
Kenya,,
Kenya,,
Kenya,,
Kenya,,
Kenya,,
Kenya,,
Kenya,,
Kenya,,
Kenya,,
Kenya,,
Kenya,,
Kenya,,
Kenya,,
Kenya,,
Kenya,,
Kenya,,
Kenya,,
Kenya,,
Kenya,,
Kenya,,
Kenya,,
Kenya,,
Kenya,,
Kenya,,
Kenya,,
Kenya,,
Kenya,,
Kenya,,
Kenya,,
Kenya,,
Kenya,,
Kenya,,
Kenya,,
Kenya,,
Kenya,,
Kenya,,
Kenya,,
Kenya,,
Kenya,,
Kenya,,
Kenya,,
Kenya,,
Kenya,,
Kenya,,
Kenya,,
Kenya,,
Kenya,,
Kenya,,
Kenya,,
Kenya,,
Kenya,,
Kenya,,
Kenya,,
Kenya,,
Kenya,,
Kenya,,
Kenya,,
Kenya,,
Kenya,,
Kenya,,
Kenya,,
Kenya,,
Kenya,,
Kenya,,
Kenya,,
Kenya,,
Kenya,,
Kenya,,
Kenya,,
Kenya,,
Kenya,,
Kenya,,
Kenya,,
Kenya,,
Kenya,,
Kenya,,
Kenya,,
Kenya,,
Kenya,,
Kenya,,
Kenya,,
Kenya,,
Kenya,,
Kenya,,
Kenya,,
Kenya,,
Kenya,,
Kenya,,
Kenya,,
Kenya,,
Kenya,,
Kenya,,
Kenya,,
Kenya,,
Kenya,,
Kenya,,
Kenya,,
Kenya,,
Kenya,,
Kenya,,
Kenya,,
Kenya,,
Kenya,,
Kenya,,
Kenya,,
Kenya,,
Kenya,,
Kenya,,
Kenya,,
Kenya,,
Kenya,,
Kenya,,
Kenya,,
Kenya,,
Kenya,,
Kenya,,
Kenya,,
Kenya,,
Kenya,,
Kenya,,
Kenya,,
Kenya,,
Kenya,,
Kenya,,
Kenya,,
Kenya,,
Kenya,,
Kenya,,
Kenya,,
Kenya,,
Kenya,,
Kenya,,
Kenya,,
Kenya,,
Kenya,,
Kenya,,
Kenya,,
Kenya,,
Kenya,,
Kenya,,
Kenya,,
Kenya,,
Kenya,,
Kenya,,
Kenya,,
Kenya,,
Kenya,,
Kenya,,
Kenya,,
Kenya,,
Kenya,,
Kenya,,
Kenya,,
Kenya,,
Kenya,,
Kenya,,
Kenya,,
Kenya,,
Kenya,,
Kenya,,
Kenya,,
Kenya,,
Kenya,,
Kenya,,
Kenya,,
Kenya,,
Kenya,,
Kenya,,
Kenya,,
Kenya,,
Kenya,,
Kenya,,
Kenya,,
Kenya,,
Kenya,,
Kenya,,
Kenya,,
Kenya,,
Kenya,,
Kenya,,
Kenya,,
Kenya,,
Kenya,,
Kenya,,
Kenya,,
Kenya,,
Kenya,,
Kenya,,
Kenya,,
Kenya,,
Kenya,,
Kenya,,
Kenya,,
Kenya,,
Kenya,,
Kenya,,
Kenya,,
Kenya,,
Kenya,,
Kenya,,
Kenya,,
Kenya,,
Kenya,,
Kenya,,
Kenya,,
Kenya,,
Kenya,,
Kenya,,
Kenya,,
Kenya,,
Kenya,,
Kenya,,
Kenya,,
Kenya,,
Kenya,,
Kenya,,
Kenya,,
Kenya,,
Kenya,,
Kenya,,
Kenya,,
Kenya,,
Kenya,,
Kenya,,
Kenya,,
Kenya,,
Kenya,,
Kenya,,
Kenya,,
Kenya,,
Kenya,,
Kenya,,
Kenya,,
Kenya,,
Kenya,,
Kenya,,
Kenya,,
Kenya,,
Kenya,,
Kenya,,
Kenya,,
Kenya,,
Kenya,,
Kenya,,
Kenya,,
Kenya,,
Kenya,,
Kenya,,
Kenya,,
Kenya,,
Kenya,,
Kenya,,
Kenya,,
Kenya,,
Kenya,,
Kenya,,
Kenya,,
Kenya,,
Kenya,,
Kenya,,
Kenya,,
Kenya,,
Kenya,,
Kenya,,
Kenya,,
Kenya,,
Kenya,,
Kenya,,
Kenya,,
Kenya,,
Kenya,,
Kenya,,
Kenya,,
Kenya,,
Kenya,,
Kenya,,
Kenya,,
Kenya,,
Kenya,,
Kenya,,
Kenya,,
Kenya,,
Kenya,,
Kenya,,
Kenya,,
Kenya,,
Kenya,,
Kenya,,
Kenya,,
Kenya,,
Kenya,,
Kenya,,
Kenya,,
Kenya,,
Kenya,,
Kenya,,
Kenya,,
Kenya,,
Kenya,,
Kenya,,
Kenya,,
Kenya,,
Kenya,,
Kenya,,
Kenya,,
Kenya,,
Kenya,,
Kenya,,
Kenya,,
Kenya,,
Kenya,,
Kenya,,
Kenya,,
Kenya,,
Kenya,,
Kenya,,
Kenya,,
Kenya,,
Kenya,,
Kenya,,
Kenya,,
Kenya,,
Kenya,,
Kenya,,
Kenya,,
Kenya,,
Kenya,,
Kenya,,
Kenya,,
Kenya,,
Kenya,,
Kenya,,
Kenya,,
Kenya,,
Kenya,,
Kenya,,
Kenya,,
Kenya,,
Kenya,,
Kenya,,
Kenya,,
Kenya,,
Kenya,,
Kenya,,
Kenya,,
Kenya,,
Kenya,,
Kenya,,
Kenya,,
Kenya,,
Kenya,,
Kenya,,
Kenya,,
Kenya,,
Kenya,,
Kenya,,
Kenya,,
Kenya,,
Kenya,,
Kenya,,
Kenya,,
Kenya,,
Kenya,,
Kenya,,
Kenya,,
Kenya,,
Kenya,,
Kenya,,
Kenya,,
Kenya,,
Kenya,,
Kenya,,
Kenya,,
Kenya,,
Kenya,,
Kenya,,
Kenya,,
Kenya,,
Kenya,,
Kenya,,
Kenya,,
Kenya,,
Kenya,,
Kenya,,
Kenya,,
Kenya,,
Kenya,,
Kenya,,
Kenya,,
Kenya,,
Kenya,,
Kenya,,
Kenya,,
Kenya,,
Kenya,,
Kenya,,
Kenya,,
Kenya,,
Kenya,,
Kenya,,
Kenya,,
Kenya,,
Kenya,,
Kenya,,
Kenya,,
Kenya,,
Kenya,,
Kenya,,
Kenya,,
Kenya,,
Kenya,,
Kenya,,
Kenya,,
Kenya,,
Kenya,,
Kenya,,
Kenya,,
Kenya,,
Kenya,,
Kenya,,
Kenya,,
Kenya,,
Kenya,,
Kenya,,
Kenya,,
Kenya,,
Kenya,,
Kenya,,
Kenya,,
Kenya,,
Kenya,,
Kenya,,
Kenya,,
Kenya,,
Kenya,,
Kenya,,
Kenya,,
Kenya,,
Kenya,,
Kenya,,
Kenya,,
Kenya,,
Kenya,,
Kenya,,
Kenya,,
Kenya,,
Kenya,,
Kenya,,
Kenya,,
Kenya,,
Kenya,,
Kenya,,
Kenya,,
Kenya,,
Kenya,,
Kenya,,
Kenya,,
Kenya,,
Kenya,,
Kenya,,
Kenya,,
Kenya,,
Kenya,,
Kenya,,
Kenya,,
Kenya,,
Kenya,,
Kenya,,
Kenya,,
Kenya,,
Kenya,,
Kenya,,
Kenya,,
Kenya,,
Kenya,,
Kenya,,
Kenya,,
Kenya,,
Kenya,,
Kenya,,
Kenya,,
Kenya,,
Kenya,,
Kenya,,
Kenya,,
Kenya,,
Kenya,,
Kenya,,
Kenya,,
Kenya,,
Kenya,,
Kenya,,
Kenya,,
Kenya,,
Kenya,,
Kenya,,
Kenya,,
Kenya,,
Kenya,,
Kenya,,
Kenya,,
Kenya,,
Kenya,,
Kenya,,
Kenya,,
Kenya,,
Kenya,,
Kenya,,
Kenya,,
Kenya,,
Kenya,,
Kenya,,
Kenya,,
Kenya,,
Kenya,,
Kenya,,
Kenya,,
Kenya,,
Kenya,,
Kenya,,
Kenya,,
Kenya,,
Kenya,,
Kenya,,
Kenya,,
Kenya,,
Kenya,,
Kenya,,
Kenya,,
Kenya,,
Kenya,,
Kenya,,
Kenya,,
Kenya,,
Kenya,,
Kenya,,
Kenya,,
Kenya,,
Kenya,,
Kenya,,
Kenya,,
Kenya,,
Kenya,,
Kenya,,
Kenya,,
Kenya,,
Kenya,,
Kenya,,
Kenya,,
Kenya,,
Kenya,,
Kenya,,
Kenya,,
Kenya,,
Kenya,,
Kenya,,
Kenya,,
Kenya,,
Kenya,,
Kenya,,
Kenya,,
Kenya,,
Kenya,,
Kenya,,
Kenya,,
Kenya,,
Kenya,,
Kenya,,
Kenya,,
Kenya,,
Kenya,,
Kenya,,
Kenya,,
Kenya,,
Kenya,,
Kenya,,
Kenya,,
Kenya,,
Kenya,,
Kenya,,
Kenya,,
Kenya,,
Kenya,,
Kenya,,
Kenya,,
Kenya,,
Kenya,,
Kenya,,
Kenya,,
Kenya,,
Kenya,,
Kenya,,
Kenya,,
Kenya,,
Kenya,,
Kenya,,
Kenya,,
Kenya,,
Kenya,,
Kenya,,
Kenya,,
Kenya,,
Kenya,,
Kenya,,
Kenya,,
Kenya,,
Kenya,,
Kenya,,
Kenya,,
Kenya,,
Kenya,,
Kenya,,
Kenya,,
Kenya,,
Kenya,,
Kenya,,
Kenya,,
Kenya,,
Kenya,,
Kenya,,
Kenya,,
Kenya,,
Kenya,,
Kenya,,
Kenya,,
Kenya,,
Kenya,,
Kenya,,
Kenya,,
Kenya,,
Kenya,,
Kenya,,
Kenya,,
Kenya,,
Kenya,,
Kenya,,
Kenya,,
Kenya,,
Kenya,,
Kenya,,
Kenya,,
Kenya,,
Kenya,,
Kenya,,
Kenya,,
Kenya,,
Kenya,,
Kenya,,
Kenya,,
Kenya,,
Kenya,,
Kenya,,
Kenya,,
Kenya,,
Kenya,,
Kenya,,
Kenya,,
Kenya,,
Kenya,,
Kenya,,
Kenya,,
Kenya,,
Kenya,,
Kenya,,
Kenya,,
Kenya,,
Kenya,,
Kenya,,
Kenya,,
Kenya,,
Kenya,,
Kenya,,
Kenya,,
Kenya,,
Kenya,,
Kenya,,
Kenya,,
Kenya,,
Kenya,,
Kenya,,
Kenya,,
Kenya,,
Kenya,,
Kenya,,
Kenya,,
Kenya,,
Kenya,,
Kenya,,
Kenya,,
Kenya,,
Kenya,,
Kenya,,
Kenya,,
Kenya,,
Kenya,,
Kenya,,
Kenya,,
Kenya,,
Kenya,,
Kenya,,
Kenya,,
Kenya,,
Kenya,,
Kenya,,
Kenya,,
Kenya,,
Kenya,,
Kenya,,
Kenya,,
Kenya,,
Kenya,,
Kenya,,
Kenya,,
Kenya,,
Kenya,,
Kenya,,
Kenya,,
Kenya,,
Kenya,,
Kenya,,
Kenya,,
Kenya,,
Kenya,,
Kenya,,
Kenya,,
Kenya,,
Kenya,,
Kenya,,
Kenya,,
Kenya,,
Kenya,,
Kenya,,
Kenya,,
Kenya,,
Kenya,,
Kenya,,
Kenya,,
Kenya,,
Kenya,,
Kenya,,
Kenya,,
Kenya,,
Kenya,,
Kenya,,
Kenya,,
Kenya,,
Kenya,,
Kenya,,
Kenya,,
Kenya,,
Kenya,,
Kenya,,
Kenya,,
Kenya,,
Kenya,,
Kenya,,
Kenya,,
Kenya,,
Kenya,,
Kenya,,
Kenya,,
Kenya,,
Kenya,,
Kenya,,
Kenya,,
Kenya,,
Kenya,,
Kenya,,
Kenya,,
Kenya,,
Kenya,,
Kenya,,
Kenya,,
Kenya,,
Kenya,,
Kenya,,
Kenya,,
Kenya,,
Kenya,,
Kenya,,
Kenya,,
Kenya,,
Kenya,,
Kenya,,
Kenya,,
Kenya,,
Kenya,,
Kenya,,
Kenya,,
Kenya,,
Kenya,,
Kenya,,
Kenya,,
Kenya,,
Kenya,,
Kenya,,
Kenya,,
Kenya,,
Kenya,,
Kenya,,
Kenya,,
Kenya,,
Kenya,,
Kenya,,
Kenya,,
Kenya,,
Kenya,,
Kenya,,
Kenya,,
Kenya,,
Kenya,,
Kenya,,
Kenya,,
Kenya,,
Kenya,,
Kenya,,
Kenya,,
Kenya,,
Kenya,,
Kenya,,
Kenya,,
Kenya,,
Kenya,,
Kenya,,
Kenya,,
Kenya,,
Kenya,,
Kenya,,
Kenya,,
Kenya,,
Kenya,,
Kenya,,
Kenya,,
Kenya,,
Kenya,,
Kenya,,
Kenya,,
Kenya,,
Kenya,,
Kenya,,
Kenya,,
Kenya,,
Kenya,,
Kenya,,
Kenya,,
Kenya,,
Kenya,,
Kenya,,
Kenya,,
Kenya,,
Kenya,,
Kenya,,
Kenya,,
Kenya,,
Kenya,,
Kenya,,
Kenya,,
Kenya,,
Kenya,,
Kenya,,
Kenya,,
Kenya,,
Kenya,,
Kenya,,
Kenya,,
Kenya,,
Kenya,,
Kenya,,
Kenya,,
Kenya,,
Kenya,,
Kenya,,
Kenya,,
Kenya,,
Kenya,,
Kenya,,
Kenya,,
Kenya,,
Kenya,,
Kenya,,
Kenya,,
Kenya,,
Kenya,,
Kenya,,
Kenya,,
Kenya,,
Kenya,,
Kenya,,
Kenya,,
Kenya,,
Kenya,,
Kenya,,
Kenya,,
Kenya,,
Kenya,,
Kenya,,
Kenya,,
Kenya,,
Kenya,,
Kenya,,
Kenya,,
Kenya,,
Kenya,,
Kenya,,
Kenya,,
Kenya,,
Kenya,,
Kenya,,
Kenya,,
Kenya,,
Kenya,,
Kenya,,
Kenya,,
Kenya,,
Kenya,,
Kenya,,
Kenya,,
Kenya,,
Kenya,,
Kenya,,
Kenya,,
Kenya,,
Kenya,,
Kenya,,
Kenya,,
Kenya,,
Kenya,,
Kenya,,
Kenya,,
Kenya,,
Kenya,,
Kenya,,
Kenya,,
Kenya,,
Kenya,,
Kenya,,
Kenya,,
Kenya,,
Kenya,,
Kenya,,
Kenya,,
Kenya,,
Kenya,,
Kenya,,
Kenya,,
Kenya,,
Kenya,,
Kenya,,
Kenya,,
Kenya,,
Kenya,,
Kenya,,
Kenya,,
Kenya,,
Kenya,,
Kenya,,
Kenya,,
Kenya,,
Kenya,,
Kenya,,
Kenya,,
Kenya,,
Kenya,,
Kenya,,
Kenya,,
Kenya,,
Kenya,,
Kenya,,
Kenya,,
Kenya,,
Kenya,,
Kenya,,
Kenya,,
Kenya,,
Kenya,,
Kenya,,
Kenya,,
Kenya,,
Kenya,,
Kenya,,
Kenya,,
Kenya,,
Kenya,,
Kenya,,
Kenya,,
Kenya,,
Kenya,,
Kenya,,
Kenya,,
Kenya,,
Kenya,,
Kenya,,
Kenya,,
Kenya,,
Kenya,,
Kenya,,
Kenya,,
Kenya,,
Kenya,,
Kenya,,
Kenya,,
Kenya,,
Kenya,,
Kenya,,
Kenya,,
Kenya,,
Kenya,,
Kenya,,
Kenya,,
Kenya,,
Kenya,,
Kenya,,
Kenya,,
Kenya,,
Kenya,,
Kenya,,
Kenya,,
Kenya,,
Kenya,,
Kenya,,
Kenya,,
Kenya,,
Kenya,,
Kenya,,
Kenya,,
Kenya,,
Kenya,,
Kenya,,
Kenya,,
Kenya,,
Kenya,,
Kenya,,
Kenya,,
Kenya,,
Kenya,,
Kenya,,
Kenya,,
Kenya,,
Kenya,,
Kenya,,
Kenya,,
Kenya,,
Kenya,,
Kenya,,
Kenya,,
Kenya,,
Kenya,,
Kenya,,
Kenya,,
Kenya,,
Kenya,,
Kenya,,
Kenya,,
Kenya,,
Kenya,,
Kenya,,
Kenya,,
Kenya,,
Kenya,,
Kenya,,
Kenya,,
Kenya,,
Kenya,,
Kenya,,
Kenya,,
Kenya,,
Kenya,,
Kenya,,
Kenya,,
Kenya,,
Kenya,,
Kenya,,
Kenya,,
Kenya,,
Kenya,,
Kenya,,
Kenya,,
Kenya,,
Kenya,,
Kenya,,
Kenya,,
Kenya,,
Kenya,,
Kenya,,
Kenya,,
Kenya,,
Kenya,,
Kenya,,
Kenya,,
Kenya,,
Kenya,,
Kenya,,
Kenya,,
Kenya,,
Kenya,,
Kenya,,
Kenya,,
Kenya,,
Kenya,,
Kenya,,
Kenya,,
Kenya,,
Kenya,,
Kenya,,
Kenya,,
Kenya,,
Kenya,,
Kenya,,
